Program,Year,Month,day,Week Ending,Geo Level,State,watershed_code,Commodity,Data Item,Domain,Domain Category,price,chicken,broken eggs,production eggs,chicken production,chicken died,Hatch chicken,chicken lay
SURVEY,2023,2,1,,NATIONAL,US TOTAL,0,EGGS,"EGGS - PRICE RECEIVED, MEASURED IN $ / DOZEN",TOTAL,NOT SPECIFIED,2.61,"50,031,000","181,566,000","8,225,300,000",,,"52,048,000","2,171"
SURVEY,2023,1,1,,NATIONAL,US TOTAL,0,EGGS,"EGGS - PRICE RECEIVED, MEASURED IN $ / DOZEN",TOTAL,NOT SPECIFIED,3,"47,370,000","188,508,000","8,225,300,000",,,"50,748,000","2,413"
SURVEY,2022,4,1,,NATIONAL,US TOTAL,0,EGGS,"EGGS - PRICE RECEIVED, MEASURED IN $ / DOZEN",TOTAL,NOT SPECIFIED,2.3,"53,971,000","190,571,000","8,225,300,000",,,"50,636,000","2,390"
SURVEY,2022,8,1,,NATIONAL,US TOTAL,0,EGGS,"EGGS - PRICE RECEIVED, MEASURED IN $ / DOZEN",TOTAL,NOT SPECIFIED,1.94,"57,156,000","209,396,000","8,225,300,000",,,"55,991,000","2,449"
SURVEY,2022,12,1,,NATIONAL,US TOTAL,0,EGGS,"EGGS - PRICE RECEIVED, MEASURED IN $ / DOZEN",TOTAL,NOT SPECIFIED,4.49,"49,852,000","181,674,000","8,225,300,000",,,"48,438,000","2,434"
SURVEY,2022,2,1,,NATIONAL,US TOTAL,0,EGGS,"EGGS - PRICE RECEIVED, MEASURED IN $ / DOZEN",TOTAL,NOT SPECIFIED,1.43,"48,452,000","185,281,000","8,225,300,000",,,"51,796,000","2,212"
SURVEY,2022,1,1,,NATIONAL,US TOTAL,0,EGGS,"EGGS - PRICE RECEIVED, MEASURED IN $ / DOZEN",TOTAL,NOT SPECIFIED,1.47,"51,822,000","200,884,000","8,225,300,000",,,"49,048,000","2,450"
SURVEY,2022,7,1,,NATIONAL,US TOTAL,0,EGGS,"EGGS - PRICE RECEIVED, MEASURED IN $ / DOZEN",TOTAL,NOT SPECIFIED,2.64,"46,372,000","185,080,000","8,225,300,000",,,"49,915,000","2,448"
SURVEY,2022,6,1,,NATIONAL,US TOTAL,0,EGGS,"EGGS - PRICE RECEIVED, MEASURED IN $ / DOZEN",TOTAL,NOT SPECIFIED,2.03,"45,360,000","190,484,000","8,225,300,000",,,"56,816,000","2,367"
SURVEY,2022,3,1,,NATIONAL,US TOTAL,0,EGGS,"EGGS - PRICE RECEIVED, MEASURED IN $ / DOZEN",TOTAL,NOT SPECIFIED,1.59,"49,652,000","210,749,000","8,225,300,000",,,"60,099,000","2,465"
SURVEY,2022,5,1,,NATIONAL,US TOTAL,0,EGGS,"EGGS - PRICE RECEIVED, MEASURED IN $ / DOZEN",TOTAL,NOT SPECIFIED,2.01,"57,677,000","190,067,000","8,225,300,000",,,"57,802,000","2,453"
SURVEY,2022,11,1,,NATIONAL,US TOTAL,0,EGGS,"EGGS - PRICE RECEIVED, MEASURED IN $ / DOZEN",TOTAL,NOT SPECIFIED,3.34,"51,046,000","195,913,000","8,225,300,000",,,"46,565,000","2,368"
SURVEY,2022,10,1,,NATIONAL,US TOTAL,0,EGGS,"EGGS - PRICE RECEIVED, MEASURED IN $ / DOZEN",TOTAL,NOT SPECIFIED,2.81,"47,299,000","181,224,000","8,225,300,000",,,"50,330,000","2,443"
SURVEY,2022,9,1,,NATIONAL,US TOTAL,0,EGGS,"EGGS - PRICE RECEIVED, MEASURED IN $ / DOZEN",TOTAL,NOT SPECIFIED,2.65,"47,868,000","184,239,000","8,225,300,000",,,"53,242,000","2,366"
SURVEY,2021,4,1,,NATIONAL,US TOTAL,0,EGGS,"EGGS - PRICE RECEIVED, MEASURED IN $ / DOZEN",TOTAL,NOT SPECIFIED,0.859,"49,192,000","184,893,000","8,225,300,000",,,"59,787,000","2,340"
SURVEY,2021,8,1,,NATIONAL,US TOTAL,0,EGGS,"EGGS - PRICE RECEIVED, MEASURED IN $ / DOZEN",TOTAL,NOT SPECIFIED,1.08,"55,559,000","191,968,000","8,225,300,000",,,"49,682,000","2,414"
SURVEY,2021,12,1,,NATIONAL,US TOTAL,0,EGGS,"EGGS - PRICE RECEIVED, MEASURED IN $ / DOZEN",TOTAL,NOT SPECIFIED,1.36,"44,913,000","197,181,000","8,225,300,000",,,"48,109,000","2,465"
SURVEY,2021,2,1,,NATIONAL,US TOTAL,0,EGGS,"EGGS - PRICE RECEIVED, MEASURED IN $ / DOZEN",TOTAL,NOT SPECIFIED,0.995,"48,107,000","167,710,000","8,225,300,000",,,"52,273,000","2,165"
SURVEY,2021,1,1,,NATIONAL,US TOTAL,0,EGGS,"EGGS - PRICE RECEIVED, MEASURED IN $ / DOZEN",TOTAL,NOT SPECIFIED,0.936,"53,531,000","181,919,000","8,225,300,000",,,"50,982,000","2,410"
SURVEY,2021,7,1,,NATIONAL,US TOTAL,0,EGGS,"EGGS - PRICE RECEIVED, MEASURED IN $ / DOZEN",TOTAL,NOT SPECIFIED,0.869,"50,749,000","199,919,000","8,225,300,000",,,"50,954,000","2,410"
SURVEY,2021,6,1,,NATIONAL,US TOTAL,0,EGGS,"EGGS - PRICE RECEIVED, MEASURED IN $ / DOZEN",TOTAL,NOT SPECIFIED,0.811,"51,357,000","200,941,000","8,225,300,000",,,"54,339,000","2,330"
SURVEY,2021,3,1,,NATIONAL,US TOTAL,0,EGGS,"EGGS - PRICE RECEIVED, MEASURED IN $ / DOZEN",TOTAL,NOT SPECIFIED,1.15,"51,711,000","187,353,000","8,225,300,000",,,"62,319,000","2,406"
SURVEY,2021,5,1,,NATIONAL,US TOTAL,0,EGGS,"EGGS - PRICE RECEIVED, MEASURED IN $ / DOZEN",TOTAL,NOT SPECIFIED,0.831,"59,970,000","188,225,000","8,225,300,000",,,"57,729,000","2,412"
SURVEY,2021,11,1,,NATIONAL,US TOTAL,0,EGGS,"EGGS - PRICE RECEIVED, MEASURED IN $ / DOZEN",TOTAL,NOT SPECIFIED,1.09,"54,352,000","197,130,000","8,225,300,000",,,"45,798,000","2,372"
SURVEY,2021,10,1,,NATIONAL,US TOTAL,0,EGGS,"EGGS - PRICE RECEIVED, MEASURED IN $ / DOZEN",TOTAL,NOT SPECIFIED,0.903,"45,906,000","208,340,000","8,225,300,000",,,"45,949,000","2,430"
SURVEY,2021,9,1,,NATIONAL,US TOTAL,0,EGGS,"EGGS - PRICE RECEIVED, MEASURED IN $ / DOZEN",TOTAL,NOT SPECIFIED,1.03,"46,626,000","201,535,000","8,225,300,000","9,130,700,000","151,621,400","49,626,000","2,345"
SURVEY,2020,4,1,,NATIONAL,US TOTAL,0,EGGS,"EGGS - PRICE RECEIVED, MEASURED IN $ / DOZEN",TOTAL,NOT SPECIFIED,1.03,"45,159,000","155,080,000","8,225,300,000",,,"61,015,000","2,314"
SURVEY,2020,8,1,,NATIONAL,US TOTAL,0,EGGS,"EGGS - PRICE RECEIVED, MEASURED IN $ / DOZEN",TOTAL,NOT SPECIFIED,0.772,"57,435,000","188,378,000","8,225,300,000",,,"50,153,000","2,442"
SURVEY,2020,12,1,,NATIONAL,US TOTAL,0,EGGS,"EGGS - PRICE RECEIVED, MEASURED IN $ / DOZEN",TOTAL,NOT SPECIFIED,0.734,"46,331,000","194,876,000","8,225,300,000",,,"51,678,000","2,439"
SURVEY,2020,2,1,,NATIONAL,US TOTAL,0,EGGS,"EGGS - PRICE RECEIVED, MEASURED IN $ / DOZEN",TOTAL,NOT SPECIFIED,0.892,"53,038,000","196,569,000","8,225,300,000",,,"48,148,000","2,253"
SURVEY,2020,1,1,,NATIONAL,US TOTAL,0,EGGS,"EGGS - PRICE RECEIVED, MEASURED IN $ / DOZEN",TOTAL,NOT SPECIFIED,0.754,"50,382,000","224,276,000","8,225,300,000",,,"52,727,000","2,414"
SURVEY,2020,7,1,,NATIONAL,US TOTAL,0,EGGS,"EGGS - PRICE RECEIVED, MEASURED IN $ / DOZEN",TOTAL,NOT SPECIFIED,0.759,"47,563,000","189,684,000","8,225,300,000",,,"46,261,000","2,436"
SURVEY,2020,6,1,,NATIONAL,US TOTAL,0,EGGS,"EGGS - PRICE RECEIVED, MEASURED IN $ / DOZEN",TOTAL,NOT SPECIFIED,0.717,"45,995,000","180,218,000","8,225,300,000",,,"55,658,000","2,296"
SURVEY,2020,3,1,,NATIONAL,US TOTAL,0,EGGS,"EGGS - PRICE RECEIVED, MEASURED IN $ / DOZEN",TOTAL,NOT SPECIFIED,1.72,"49,877,000","183,819,000","8,225,300,000",,,"56,212,000","2,408"
SURVEY,2020,5,1,,NATIONAL,US TOTAL,0,EGGS,"EGGS - PRICE RECEIVED, MEASURED IN $ / DOZEN",TOTAL,NOT SPECIFIED,0.772,"49,101,000","148,530,000","8,225,300,000",,,"52,839,000","2,352"
SURVEY,2020,11,1,,NATIONAL,US TOTAL,0,EGGS,"EGGS - PRICE RECEIVED, MEASURED IN $ / DOZEN",TOTAL,NOT SPECIFIED,0.969,"49,502,000","174,588,000","8,225,300,000",,,"47,952,000","2,382"
SURVEY,2020,10,1,,NATIONAL,US TOTAL,0,EGGS,"EGGS - PRICE RECEIVED, MEASURED IN $ / DOZEN",TOTAL,NOT SPECIFIED,0.995,"44,440,000","193,042,000","8,225,300,000",,,"50,429,000","2,449"
SURVEY,2020,9,1,,NATIONAL,US TOTAL,0,EGGS,"EGGS - PRICE RECEIVED, MEASURED IN $ / DOZEN",TOTAL,NOT SPECIFIED,0.83,"46,517,000","186,177,000","8,225,300,000","9,222,100,000","164,067,300","50,084,000","2,347"
SURVEY,2019,4,1,,NATIONAL,US TOTAL,0,EGGS,"EGGS - PRICE RECEIVED, MEASURED IN $ / DOZEN",TOTAL,NOT SPECIFIED,0.614,"47,211,000","206,100,000","8,225,300,000",,,"60,668,000","2,317"
SURVEY,2019,8,1,,NATIONAL,US TOTAL,0,EGGS,"EGGS - PRICE RECEIVED, MEASURED IN $ / DOZEN",TOTAL,NOT SPECIFIED,0.809,"58,422,000","211,862,000","8,225,300,000",,,"46,246,000","2,413"
SURVEY,2019,12,1,,NATIONAL,US TOTAL,0,EGGS,"EGGS - PRICE RECEIVED, MEASURED IN $ / DOZEN",TOTAL,NOT SPECIFIED,0.931,"47,490,000","212,624,000","8,225,300,000",,,"45,940,000","2,427"
SURVEY,2019,2,1,,NATIONAL,US TOTAL,0,EGGS,"EGGS - PRICE RECEIVED, MEASURED IN $ / DOZEN",TOTAL,NOT SPECIFIED,0.888,"47,798,000","190,800,000","8,225,300,000",,,"52,182,000","2,153"
SURVEY,2019,1,1,,NATIONAL,US TOTAL,0,EGGS,"EGGS - PRICE RECEIVED, MEASURED IN $ / DOZEN",TOTAL,NOT SPECIFIED,0.983,"55,001,000","210,527,000","8,225,300,000",,,"55,850,000","2,398"
SURVEY,2019,7,1,,NATIONAL,US TOTAL,0,EGGS,"EGGS - PRICE RECEIVED, MEASURED IN $ / DOZEN",TOTAL,NOT SPECIFIED,0.507,"51,443,000","205,938,000","8,225,300,000",,,"50,919,000","2,410"
SURVEY,2019,6,1,,NATIONAL,US TOTAL,0,EGGS,"EGGS - PRICE RECEIVED, MEASURED IN $ / DOZEN",TOTAL,NOT SPECIFIED,0.654,"47,615,000","204,019,000","8,225,300,000",,,"51,858,000","2,334"
SURVEY,2019,3,1,,NATIONAL,US TOTAL,0,EGGS,"EGGS - PRICE RECEIVED, MEASURED IN $ / DOZEN",TOTAL,NOT SPECIFIED,0.818,"51,648,000","205,414,000","8,225,300,000",,,"55,658,000","2,385"
SURVEY,2019,5,1,,NATIONAL,US TOTAL,0,EGGS,"EGGS - PRICE RECEIVED, MEASURED IN $ / DOZEN",TOTAL,NOT SPECIFIED,0.483,"53,586,000","220,062,000","8,225,300,000",,,"60,816,000","2,404"
SURVEY,2019,11,1,,NATIONAL,US TOTAL,0,EGGS,"EGGS - PRICE RECEIVED, MEASURED IN $ / DOZEN",TOTAL,NOT SPECIFIED,1.11,"55,489,000","193,139,000","8,225,300,000",,,"48,113,000","2,364"
SURVEY,2019,10,1,,NATIONAL,US TOTAL,0,EGGS,"EGGS - PRICE RECEIVED, MEASURED IN $ / DOZEN",TOTAL,NOT SPECIFIED,0.685,"48,069,000","222,239,000","8,225,300,000",,,"52,066,000","2,425"
SURVEY,2019,9,1,,NATIONAL,US TOTAL,0,EGGS,"EGGS - PRICE RECEIVED, MEASURED IN $ / DOZEN",TOTAL,NOT SPECIFIED,0.7,"48,512,000","205,019,000","8,225,300,000","9,177,200,000","150,915,900","50,386,000","2,331"
SURVEY,2018,4,1,,NATIONAL,US TOTAL,0,EGGS,"EGGS - PRICE RECEIVED, MEASURED IN $ / DOZEN",TOTAL,NOT SPECIFIED,1.19,"47,878,000","192,075,000","8,225,300,000",,,"58,986,000","2,276"
SURVEY,2018,8,1,,NATIONAL,US TOTAL,0,EGGS,"EGGS - PRICE RECEIVED, MEASURED IN $ / DOZEN",TOTAL,NOT SPECIFIED,1.09,"56,069,000","213,290,000","8,225,300,000",,,"53,207,000","2,382"
SURVEY,2018,12,1,,NATIONAL,US TOTAL,0,EGGS,"EGGS - PRICE RECEIVED, MEASURED IN $ / DOZEN",TOTAL,NOT SPECIFIED,1.08,"46,268,000","205,614,000","8,225,300,000",,,"46,370,000","2,405"
SURVEY,2018,2,1,,NATIONAL,US TOTAL,0,EGGS,"EGGS - PRICE RECEIVED, MEASURED IN $ / DOZEN",TOTAL,NOT SPECIFIED,1.26,"50,469,000","177,111,000","8,225,300,000",,,"50,148,000","2,121"
SURVEY,2018,1,1,,NATIONAL,US TOTAL,0,EGGS,"EGGS - PRICE RECEIVED, MEASURED IN $ / DOZEN",TOTAL,NOT SPECIFIED,1.15,"51,140,000","194,454,000","8,225,300,000",,,"51,900,000","2,352"
SURVEY,2018,7,1,,NATIONAL,US TOTAL,0,EGGS,"EGGS - PRICE RECEIVED, MEASURED IN $ / DOZEN",TOTAL,NOT SPECIFIED,1.09,"46,738,000","203,097,000","8,225,300,000",,,"50,806,000","2,366"
SURVEY,2018,6,1,,NATIONAL,US TOTAL,0,EGGS,"EGGS - PRICE RECEIVED, MEASURED IN $ / DOZEN",TOTAL,NOT SPECIFIED,1.03,"46,193,000","206,715,000","8,225,300,000",,,"53,019,000","2,291"
SURVEY,2018,3,1,,NATIONAL,US TOTAL,0,EGGS,"EGGS - PRICE RECEIVED, MEASURED IN $ / DOZEN",TOTAL,NOT SPECIFIED,2.01,"50,184,000","186,544,000","8,225,300,000",,,"58,147,000","2,355"
SURVEY,2018,5,1,,NATIONAL,US TOTAL,0,EGGS,"EGGS - PRICE RECEIVED, MEASURED IN $ / DOZEN",TOTAL,NOT SPECIFIED,0.848,"56,234,000","207,660,000","8,225,300,000",,,"59,756,000","2,362"
SURVEY,2018,11,1,,NATIONAL,US TOTAL,0,EGGS,"EGGS - PRICE RECEIVED, MEASURED IN $ / DOZEN",TOTAL,NOT SPECIFIED,1.13,"56,063,000","197,801,000","8,225,300,000",,,"47,043,000","2,323"
SURVEY,2018,10,1,,NATIONAL,US TOTAL,0,EGGS,"EGGS - PRICE RECEIVED, MEASURED IN $ / DOZEN",TOTAL,NOT SPECIFIED,0.909,"45,096,000","211,344,000","8,225,300,000",,,"54,960,000","2,388"
SURVEY,2018,9,1,,NATIONAL,US TOTAL,0,EGGS,"EGGS - PRICE RECEIVED, MEASURED IN $ / DOZEN",TOTAL,NOT SPECIFIED,0.929,"51,647,000","203,777,000","8,225,300,000","9,038,300,000","138,983,400","49,610,000","2,312"
SURVEY,2017,4,1,,NATIONAL,US TOTAL,0,EGGS,"EGGS - PRICE RECEIVED, MEASURED IN $ / DOZEN",TOTAL,NOT SPECIFIED,0.629,"50,036,000","183,792,000","8,225,300,000",,,"52,762,000","2,313"
SURVEY,2017,8,1,,NATIONAL,US TOTAL,0,EGGS,"EGGS - PRICE RECEIVED, MEASURED IN $ / DOZEN",TOTAL,NOT SPECIFIED,0.744,"51,969,000","198,095,000","8,225,300,000",,,"45,861,000","2,388"
SURVEY,2017,12,1,,NATIONAL,US TOTAL,0,EGGS,"EGGS - PRICE RECEIVED, MEASURED IN $ / DOZEN",TOTAL,NOT SPECIFIED,1.33,"40,490,000","189,192,000","8,225,300,000",,,"46,697,000","2,383"
SURVEY,2017,2,1,,NATIONAL,US TOTAL,0,EGGS,"EGGS - PRICE RECEIVED, MEASURED IN $ / DOZEN",TOTAL,NOT SPECIFIED,0.621,"47,568,000","185,764,000","8,225,300,000",,,"48,127,000","2,160"
SURVEY,2017,1,1,,NATIONAL,US TOTAL,0,EGGS,"EGGS - PRICE RECEIVED, MEASURED IN $ / DOZEN",TOTAL,NOT SPECIFIED,0.813,"47,805,000","196,194,000","8,225,300,000",,,"45,367,000","2,401"
SURVEY,2017,7,1,,NATIONAL,US TOTAL,0,EGGS,"EGGS - PRICE RECEIVED, MEASURED IN $ / DOZEN",TOTAL,NOT SPECIFIED,0.819,"40,153,000","191,275,000","8,225,300,000",,,"41,862,000","2,404"
SURVEY,2017,6,1,,NATIONAL,US TOTAL,0,EGGS,"EGGS - PRICE RECEIVED, MEASURED IN $ / DOZEN",TOTAL,NOT SPECIFIED,0.631,"41,403,000","198,130,000","8,225,300,000",,,"49,722,000","2,320"
SURVEY,2017,3,1,,NATIONAL,US TOTAL,0,EGGS,"EGGS - PRICE RECEIVED, MEASURED IN $ / DOZEN",TOTAL,NOT SPECIFIED,0.783,"46,550,000","198,021,000","8,225,300,000",,,"55,919,000","2,395"
SURVEY,2017,5,1,,NATIONAL,US TOTAL,0,EGGS,"EGGS - PRICE RECEIVED, MEASURED IN $ / DOZEN",TOTAL,NOT SPECIFIED,0.615,"51,915,000","196,406,000","8,225,300,000",,,"53,506,000","2,388"
SURVEY,2017,11,1,,NATIONAL,US TOTAL,0,EGGS,"EGGS - PRICE RECEIVED, MEASURED IN $ / DOZEN",TOTAL,NOT SPECIFIED,1.38,"48,346,000","188,873,000","8,225,300,000",,,"48,363,000","2,310"
SURVEY,2017,10,1,,NATIONAL,US TOTAL,0,EGGS,"EGGS - PRICE RECEIVED, MEASURED IN $ / DOZEN",TOTAL,NOT SPECIFIED,0.895,"45,314,000","197,501,000","8,225,300,000",,,"51,495,000","2,361"
SURVEY,2017,9,1,,NATIONAL,US TOTAL,0,EGGS,"EGGS - PRICE RECEIVED, MEASURED IN $ / DOZEN",TOTAL,NOT SPECIFIED,1.09,"46,510,000","183,780,000","8,225,300,000","8,913,800,000","125,940,700","42,725,000","2,284"
SURVEY,2016,4,1,,NATIONAL,US TOTAL,0,EGGS,"EGGS - PRICE RECEIVED, MEASURED IN $ / DOZEN",TOTAL,NOT SPECIFIED,0.68,"40,655,000","187,654,000","8,225,300,000",,,"51,266,000","2,273"
SURVEY,2016,8,1,,NATIONAL,US TOTAL,0,EGGS,"EGGS - PRICE RECEIVED, MEASURED IN $ / DOZEN",TOTAL,NOT SPECIFIED,0.654,"52,062,000","204,125,000","8,225,300,000",,,"43,258,000","2,386"
SURVEY,2016,12,1,,NATIONAL,US TOTAL,0,EGGS,"EGGS - PRICE RECEIVED, MEASURED IN $ / DOZEN",TOTAL,NOT SPECIFIED,1.21,"37,677,000","194,929,000","8,225,300,000",,,"45,731,000","2,412"
SURVEY,2016,2,1,,NATIONAL,US TOTAL,0,EGGS,"EGGS - PRICE RECEIVED, MEASURED IN $ / DOZEN",TOTAL,NOT SPECIFIED,1.08,"45,460,000","164,532,000","8,225,300,000",,,"54,289,000","2,189"
SURVEY,2016,1,1,,NATIONAL,US TOTAL,0,EGGS,"EGGS - PRICE RECEIVED, MEASURED IN $ / DOZEN",TOTAL,NOT SPECIFIED,1.18,"52,007,000","169,162,000","8,225,300,000",,,"47,775,000","2,321"
SURVEY,2016,7,1,,NATIONAL,US TOTAL,0,EGGS,"EGGS - PRICE RECEIVED, MEASURED IN $ / DOZEN",TOTAL,NOT SPECIFIED,0.651,"47,950,000","194,219,000","8,225,300,000",,,"41,609,000","2,376"
SURVEY,2016,6,1,,NATIONAL,US TOTAL,0,EGGS,"EGGS - PRICE RECEIVED, MEASURED IN $ / DOZEN",TOTAL,NOT SPECIFIED,0.541,"44,077,000","200,376,000","8,225,300,000",,,"57,562,000","2,285"
SURVEY,2016,3,1,,NATIONAL,US TOTAL,0,EGGS,"EGGS - PRICE RECEIVED, MEASURED IN $ / DOZEN",TOTAL,NOT SPECIFIED,0.97,"54,050,000","189,233,000","8,225,300,000",,,"57,055,000","2,351"
SURVEY,2016,5,1,,NATIONAL,US TOTAL,0,EGGS,"EGGS - PRICE RECEIVED, MEASURED IN $ / DOZEN",TOTAL,NOT SPECIFIED,0.552,"55,105,000","197,289,000","8,225,300,000",,,"57,306,000","2,360"
SURVEY,2016,11,1,,NATIONAL,US TOTAL,0,EGGS,"EGGS - PRICE RECEIVED, MEASURED IN $ / DOZEN",TOTAL,NOT SPECIFIED,0.591,"52,257,000","194,956,000","8,225,300,000",,,"41,648,000","2,327"
SURVEY,2016,10,1,,NATIONAL,US TOTAL,0,EGGS,"EGGS - PRICE RECEIVED, MEASURED IN $ / DOZEN",TOTAL,NOT SPECIFIED,0.513,"41,090,000","199,084,000","8,225,300,000",,,"43,344,000","2,389"
SURVEY,2016,9,1,,NATIONAL,US TOTAL,0,EGGS,"EGGS - PRICE RECEIVED, MEASURED IN $ / DOZEN",TOTAL,NOT SPECIFIED,0.604,"39,979,000","196,176,000","8,225,300,000","8,776,700,000","106,854,900","44,892,000","2,303"
SURVEY,2015,4,1,,NATIONAL,US TOTAL,0,EGGS,"EGGS - PRICE RECEIVED, MEASURED IN $ / DOZEN",TOTAL,NOT SPECIFIED,1.08,"42,826,000","181,823,000","8,225,300,000",,,"50,193,000","2,291"
SURVEY,2015,8,1,,NATIONAL,US TOTAL,0,EGGS,"EGGS - PRICE RECEIVED, MEASURED IN $ / DOZEN",TOTAL,NOT SPECIFIED,2.39,"49,341,000","167,661,000","8,225,300,000",,,"47,131,000","2,332"
SURVEY,2015,12,1,,NATIONAL,US TOTAL,0,EGGS,"EGGS - PRICE RECEIVED, MEASURED IN $ / DOZEN",TOTAL,NOT SPECIFIED,1.24,"44,480,000","172,473,000","8,225,300,000",,,"46,679,000","2,334"
SURVEY,2015,2,1,,NATIONAL,US TOTAL,0,EGGS,"EGGS - PRICE RECEIVED, MEASURED IN $ / DOZEN",TOTAL,NOT SPECIFIED,1.29,"48,194,000","172,368,000","8,225,300,000",,,"43,774,000","2,103"
SURVEY,2015,1,1,,NATIONAL,US TOTAL,0,EGGS,"EGGS - PRICE RECEIVED, MEASURED IN $ / DOZEN",TOTAL,NOT SPECIFIED,1.24,"40,709,000","199,018,000","8,225,300,000",,,"43,868,000","2,349"
SURVEY,2015,7,1,,NATIONAL,US TOTAL,0,EGGS,"EGGS - PRICE RECEIVED, MEASURED IN $ / DOZEN",TOTAL,NOT SPECIFIED,1.9,"42,237,000","169,243,000","8,225,300,000",,,"42,790,000","2,333"
SURVEY,2015,6,1,,NATIONAL,US TOTAL,0,EGGS,"EGGS - PRICE RECEIVED, MEASURED IN $ / DOZEN",TOTAL,NOT SPECIFIED,2,"43,647,000","192,251,000","8,225,300,000",,,"47,212,000","2,258"
SURVEY,2015,3,1,,NATIONAL,US TOTAL,0,EGGS,"EGGS - PRICE RECEIVED, MEASURED IN $ / DOZEN",TOTAL,NOT SPECIFIED,1.54,"47,971,000","180,912,000","8,225,300,000",,,"50,187,000","2,359"
SURVEY,2015,5,1,,NATIONAL,US TOTAL,0,EGGS,"EGGS - PRICE RECEIVED, MEASURED IN $ / DOZEN",TOTAL,NOT SPECIFIED,1.73,"45,902,000","165,980,000","8,225,300,000",,,"48,315,000","2,339"
SURVEY,2015,11,1,,NATIONAL,US TOTAL,0,EGGS,"EGGS - PRICE RECEIVED, MEASURED IN $ / DOZEN",TOTAL,NOT SPECIFIED,2,"48,583,000","160,497,000","8,225,300,000",,,"45,848,000","2,261"
SURVEY,2015,10,1,,NATIONAL,US TOTAL,0,EGGS,"EGGS - PRICE RECEIVED, MEASURED IN $ / DOZEN",TOTAL,NOT SPECIFIED,1.43,"47,072,000","174,421,000","8,225,300,000",,,"50,194,000","2,320"
SURVEY,2015,9,1,,NATIONAL,US TOTAL,0,EGGS,"EGGS - PRICE RECEIVED, MEASURED IN $ / DOZEN",TOTAL,NOT SPECIFIED,1.89,"49,648,000","167,493,000","8,225,300,000","8,688,700,000","132,625,300","49,391,000","2,247"
SURVEY,2014,4,1,,NATIONAL,US TOTAL,0,EGGS,"EGGS - PRICE RECEIVED, MEASURED IN $ / DOZEN",TOTAL,NOT SPECIFIED,1.27,"46,521,000","186,160,000","8,225,300,000",,,"46,384,000","2,274"
SURVEY,2014,8,1,,NATIONAL,US TOTAL,0,EGGS,"EGGS - PRICE RECEIVED, MEASURED IN $ / DOZEN",TOTAL,NOT SPECIFIED,1.07,"43,770,000","197,877,000","8,225,300,000",,,"39,731,000","2,348"
SURVEY,2014,12,1,,NATIONAL,US TOTAL,0,EGGS,"EGGS - PRICE RECEIVED, MEASURED IN $ / DOZEN",TOTAL,NOT SPECIFIED,1.75,"39,651,000","188,417,000","8,225,300,000",,,"42,991,000","2,388"
SURVEY,2014,2,1,,NATIONAL,US TOTAL,0,EGGS,"EGGS - PRICE RECEIVED, MEASURED IN $ / DOZEN",TOTAL,NOT SPECIFIED,1.4,"42,006,000","159,763,000","8,225,300,000",,,"41,269,000","2,105"
SURVEY,2014,1,1,,NATIONAL,US TOTAL,0,EGGS,"EGGS - PRICE RECEIVED, MEASURED IN $ / DOZEN",TOTAL,NOT SPECIFIED,1.11,"42,109,000","175,961,000","8,225,300,000",,,"44,345,000","2,336"
SURVEY,2014,7,1,,NATIONAL,US TOTAL,0,EGGS,"EGGS - PRICE RECEIVED, MEASURED IN $ / DOZEN",TOTAL,NOT SPECIFIED,1.24,"41,220,000","198,534,000","8,225,300,000",,,"42,489,000","2,356"
SURVEY,2014,6,1,,NATIONAL,US TOTAL,0,EGGS,"EGGS - PRICE RECEIVED, MEASURED IN $ / DOZEN",TOTAL,NOT SPECIFIED,1.09,"41,259,000","195,946,000","8,225,300,000",,,"44,271,000","2,266"
SURVEY,2014,3,1,,NATIONAL,US TOTAL,0,EGGS,"EGGS - PRICE RECEIVED, MEASURED IN $ / DOZEN",TOTAL,NOT SPECIFIED,1.23,"42,981,000","182,580,000","8,225,300,000",,,"44,801,000","2,342"
SURVEY,2014,5,1,,NATIONAL,US TOTAL,0,EGGS,"EGGS - PRICE RECEIVED, MEASURED IN $ / DOZEN",TOTAL,NOT SPECIFIED,1.17,"39,867,000","195,415,000","8,225,300,000",,,"49,684,000","2,339"
SURVEY,2014,11,1,,NATIONAL,US TOTAL,0,EGGS,"EGGS - PRICE RECEIVED, MEASURED IN $ / DOZEN",TOTAL,NOT SPECIFIED,1.51,"48,134,000","182,578,000","8,225,300,000",,,"36,544,000","2,311"
SURVEY,2014,10,1,,NATIONAL,US TOTAL,0,EGGS,"EGGS - PRICE RECEIVED, MEASURED IN $ / DOZEN",TOTAL,NOT SPECIFIED,1.14,"38,051,000","201,929,000","8,225,300,000",,,"44,665,000","2,355"
SURVEY,2014,9,1,,NATIONAL,US TOTAL,0,EGGS,"EGGS - PRICE RECEIVED, MEASURED IN $ / DOZEN",TOTAL,NOT SPECIFIED,1.04,"43,486,000","196,978,000","8,225,300,000","8,545,000,000","106,165,900","43,671,000","2,263"
SURVEY,2013,4,1,,NATIONAL,US TOTAL,0,EGGS,"EGGS - PRICE RECEIVED, MEASURED IN $ / DOZEN",TOTAL,NOT SPECIFIED,0.877,"41,526,000","178,497,000","8,225,300,000",,,"46,031,000","2,260"
SURVEY,2013,8,1,,NATIONAL,US TOTAL,0,EGGS,"EGGS - PRICE RECEIVED, MEASURED IN $ / DOZEN",TOTAL,NOT SPECIFIED,1.07,"46,598,000","185,991,000","8,225,300,000",,,"38,794,000","2,331"
SURVEY,2013,12,1,,NATIONAL,US TOTAL,0,EGGS,"EGGS - PRICE RECEIVED, MEASURED IN $ / DOZEN",TOTAL,NOT SPECIFIED,1.37,"37,099,000","172,339,000","8,225,300,000",,,"41,144,000","2,355"
SURVEY,2013,2,1,,NATIONAL,US TOTAL,0,EGGS,"EGGS - PRICE RECEIVED, MEASURED IN $ / DOZEN",TOTAL,NOT SPECIFIED,0.989,"40,988,000","161,212,000","8,225,300,000",,,"42,236,000","2,090"
SURVEY,2013,1,1,,NATIONAL,US TOTAL,0,EGGS,"EGGS - PRICE RECEIVED, MEASURED IN $ / DOZEN",TOTAL,NOT SPECIFIED,1.06,"41,539,000","172,955,000","8,225,300,000",,,"43,831,000","2,327"
SURVEY,2013,7,1,,NATIONAL,US TOTAL,0,EGGS,"EGGS - PRICE RECEIVED, MEASURED IN $ / DOZEN",TOTAL,NOT SPECIFIED,1.03,"39,910,000","187,979,000","8,225,300,000",,,"39,936,000","2,314"
SURVEY,2013,6,1,,NATIONAL,US TOTAL,0,EGGS,"EGGS - PRICE RECEIVED, MEASURED IN $ / DOZEN",TOTAL,NOT SPECIFIED,0.924,"38,783,000","183,539,000","8,225,300,000",,,"42,252,000","2,249"
SURVEY,2013,3,1,,NATIONAL,US TOTAL,0,EGGS,"EGGS - PRICE RECEIVED, MEASURED IN $ / DOZEN",TOTAL,NOT SPECIFIED,1.14,"42,700,000","174,941,000","8,225,300,000",,,"43,584,000","2,326"
SURVEY,2013,5,1,,NATIONAL,US TOTAL,0,EGGS,"EGGS - PRICE RECEIVED, MEASURED IN $ / DOZEN",TOTAL,NOT SPECIFIED,1.17,"42,655,000","174,598,000","8,225,300,000",,,"50,154,000","2,330"
SURVEY,2013,11,1,,NATIONAL,US TOTAL,0,EGGS,"EGGS - PRICE RECEIVED, MEASURED IN $ / DOZEN",TOTAL,NOT SPECIFIED,1.32,"44,160,000","172,129,000","8,225,300,000",,,"41,845,000","2,283"
SURVEY,2013,10,1,,NATIONAL,US TOTAL,0,EGGS,"EGGS - PRICE RECEIVED, MEASURED IN $ / DOZEN",TOTAL,NOT SPECIFIED,1.04,"41,429,000","188,678,000","8,225,300,000",,,"42,506,000","2,352"
SURVEY,2013,9,1,,NATIONAL,US TOTAL,0,EGGS,"EGGS - PRICE RECEIVED, MEASURED IN $ / DOZEN",TOTAL,NOT SPECIFIED,1.03,"38,983,000","181,210,000","8,225,300,000","8,533,800,000","102,104,500","42,166,000","2,274"
SURVEY,2012,4,1,,NATIONAL,US TOTAL,0,EGGS,"EGGS - PRICE RECEIVED, MEASURED IN $ / DOZEN",TOTAL,NOT SPECIFIED,0.862,"37,980,000",,"8,225,300,000",,,"43,202,000","2,235"
SURVEY,2012,8,1,,NATIONAL,US TOTAL,0,EGGS,"EGGS - PRICE RECEIVED, MEASURED IN $ / DOZEN",TOTAL,NOT SPECIFIED,1.12,"39,487,000",,"8,225,300,000",,,"42,269,000","2,326"
SURVEY,2012,12,1,,NATIONAL,US TOTAL,0,EGGS,"EGGS - PRICE RECEIVED, MEASURED IN $ / DOZEN",TOTAL,NOT SPECIFIED,1.12,"38,626,000",,"8,225,300,000",,,"40,985,000","2,347"
SURVEY,2012,2,1,,NATIONAL,US TOTAL,0,EGGS,"EGGS - PRICE RECEIVED, MEASURED IN $ / DOZEN",TOTAL,NOT SPECIFIED,0.887,"38,544,000",,"8,225,300,000",,,"40,523,000","2,140"
SURVEY,2012,1,1,,NATIONAL,US TOTAL,0,EGGS,"EGGS - PRICE RECEIVED, MEASURED IN $ / DOZEN",TOTAL,NOT SPECIFIED,0.881,"40,135,000",,"8,225,300,000",,,"41,290,000","2,320"
SURVEY,2012,7,1,,NATIONAL,US TOTAL,0,EGGS,"EGGS - PRICE RECEIVED, MEASURED IN $ / DOZEN",TOTAL,NOT SPECIFIED,0.967,"38,279,000",,"8,225,300,000",,,"35,968,000","2,307"
SURVEY,2012,6,1,,NATIONAL,US TOTAL,0,EGGS,"EGGS - PRICE RECEIVED, MEASURED IN $ / DOZEN",TOTAL,NOT SPECIFIED,0.905,"36,752,000",,"8,225,300,000",,,"38,829,000","2,229"
SURVEY,2012,3,1,,NATIONAL,US TOTAL,0,EGGS,"EGGS - PRICE RECEIVED, MEASURED IN $ / DOZEN",TOTAL,NOT SPECIFIED,0.99,"39,322,000",,"8,225,300,000",,,"43,101,000","2,315"
SURVEY,2012,5,1,,NATIONAL,US TOTAL,0,EGGS,"EGGS - PRICE RECEIVED, MEASURED IN $ / DOZEN",TOTAL,NOT SPECIFIED,0.826,"41,011,000",,"8,225,300,000",,,"44,564,000","2,298"
SURVEY,2012,11,1,,NATIONAL,US TOTAL,0,EGGS,"EGGS - PRICE RECEIVED, MEASURED IN $ / DOZEN",TOTAL,NOT SPECIFIED,1.18,"42,701,000",,"8,225,300,000",,,"36,492,000","2,276"
SURVEY,2012,10,1,,NATIONAL,US TOTAL,0,EGGS,"EGGS - PRICE RECEIVED, MEASURED IN $ / DOZEN",TOTAL,NOT SPECIFIED,1.02,"34,178,000",,"8,225,300,000",,,"37,901,000","2,322"
SURVEY,2012,9,1,,NATIONAL,US TOTAL,0,EGGS,"EGGS - PRICE RECEIVED, MEASURED IN $ / DOZEN",TOTAL,NOT SPECIFIED,1.22,"36,094,000",,"8,225,300,000","8,463,000,000","103,758,000","38,319,000","2,242"
SURVEY,2011,4,1,,NATIONAL,US TOTAL,0,EGGS,"EGGS - PRICE RECEIVED, MEASURED IN $ / DOZEN",TOTAL,NOT SPECIFIED,1.05,"50,031,000",,"8,225,300,000",,,,"2,235"
SURVEY,2011,8,1,,NATIONAL,US TOTAL,0,EGGS,"EGGS - PRICE RECEIVED, MEASURED IN $ / DOZEN",TOTAL,NOT SPECIFIED,1.14,,,"8,225,300,000",,,,"2,302"
SURVEY,2011,12,1,,NATIONAL,US TOTAL,0,EGGS,"EGGS - PRICE RECEIVED, MEASURED IN $ / DOZEN",TOTAL,NOT SPECIFIED,1.22,,,"8,225,300,000",,,,"2,351"
SURVEY,2011,2,1,,NATIONAL,US TOTAL,0,EGGS,"EGGS - PRICE RECEIVED, MEASURED IN $ / DOZEN",TOTAL,NOT SPECIFIED,0.949,,,"8,225,300,000",,,,"2,065"
SURVEY,2011,1,1,,NATIONAL,US TOTAL,0,EGGS,"EGGS - PRICE RECEIVED, MEASURED IN $ / DOZEN",TOTAL,NOT SPECIFIED,0.848,,,"8,225,300,000",,,,"2,288"
SURVEY,2011,7,1,,NATIONAL,US TOTAL,0,EGGS,"EGGS - PRICE RECEIVED, MEASURED IN $ / DOZEN",TOTAL,NOT SPECIFIED,0.878,,,"8,225,300,000",,,,"2,303"
SURVEY,2011,6,1,,NATIONAL,US TOTAL,0,EGGS,"EGGS - PRICE RECEIVED, MEASURED IN $ / DOZEN",TOTAL,NOT SPECIFIED,0.884,,,"8,225,300,000",,,,"2,231"
SURVEY,2011,3,1,,NATIONAL,US TOTAL,0,EGGS,"EGGS - PRICE RECEIVED, MEASURED IN $ / DOZEN",TOTAL,NOT SPECIFIED,0.843,,,"8,225,300,000",,,,"2,302"
SURVEY,2011,5,1,,NATIONAL,US TOTAL,0,EGGS,"EGGS - PRICE RECEIVED, MEASURED IN $ / DOZEN",TOTAL,NOT SPECIFIED,0.821,,,"8,225,300,000",,,,"2,300"
SURVEY,2011,11,1,,NATIONAL,US TOTAL,0,EGGS,"EGGS - PRICE RECEIVED, MEASURED IN $ / DOZEN",TOTAL,NOT SPECIFIED,1.02,,,"8,225,300,000",,,,"2,253"
SURVEY,2011,10,1,,NATIONAL,US TOTAL,0,EGGS,"EGGS - PRICE RECEIVED, MEASURED IN $ / DOZEN",TOTAL,NOT SPECIFIED,1.02,,,"8,225,300,000",,,,"2,317"
SURVEY,2011,9,1,,NATIONAL,US TOTAL,0,EGGS,"EGGS - PRICE RECEIVED, MEASURED IN $ / DOZEN",TOTAL,NOT SPECIFIED,0.944,,,"8,225,300,000","8,607,600,000","106,361,000",,"2,237"
SURVEY,2010,4,1,,NATIONAL,US TOTAL,0,EGGS,"EGGS - PRICE RECEIVED, MEASURED IN $ / DOZEN",TOTAL,NOT SPECIFIED,0.769,,,"8,225,300,000",,,,"2,220"
SURVEY,2010,8,1,,NATIONAL,US TOTAL,0,EGGS,"EGGS - PRICE RECEIVED, MEASURED IN $ / DOZEN",TOTAL,NOT SPECIFIED,0.79,,,"8,225,300,000",,,,"2,283"
SURVEY,2010,12,1,,NATIONAL,US TOTAL,0,EGGS,"EGGS - PRICE RECEIVED, MEASURED IN $ / DOZEN",TOTAL,NOT SPECIFIED,1.07,,,"8,225,300,000",,,,"2,310"
SURVEY,2010,2,1,,NATIONAL,US TOTAL,0,EGGS,"EGGS - PRICE RECEIVED, MEASURED IN $ / DOZEN",TOTAL,NOT SPECIFIED,0.92,,,"8,225,300,000",,,,"2,037"
SURVEY,2010,1,1,,NATIONAL,US TOTAL,0,EGGS,"EGGS - PRICE RECEIVED, MEASURED IN $ / DOZEN",TOTAL,NOT SPECIFIED,1.03,,,"8,225,300,000",,,,"2,268"
SURVEY,2010,7,1,,NATIONAL,US TOTAL,0,EGGS,"EGGS - PRICE RECEIVED, MEASURED IN $ / DOZEN",TOTAL,NOT SPECIFIED,0.71,,,"8,225,300,000",,,,"2,271"
SURVEY,2010,6,1,,NATIONAL,US TOTAL,0,EGGS,"EGGS - PRICE RECEIVED, MEASURED IN $ / DOZEN",TOTAL,NOT SPECIFIED,0.618,,,"8,225,300,000",,,,"2,203"
SURVEY,2010,3,1,,NATIONAL,US TOTAL,0,EGGS,"EGGS - PRICE RECEIVED, MEASURED IN $ / DOZEN",TOTAL,NOT SPECIFIED,1.16,,,"8,225,300,000",,,,"2,291"
SURVEY,2010,5,1,,NATIONAL,US TOTAL,0,EGGS,"EGGS - PRICE RECEIVED, MEASURED IN $ / DOZEN",TOTAL,NOT SPECIFIED,0.636,,,"8,225,300,000",,,,"2,274"
SURVEY,2010,11,1,,NATIONAL,US TOTAL,0,EGGS,"EGGS - PRICE RECEIVED, MEASURED IN $ / DOZEN",TOTAL,NOT SPECIFIED,1.13,,,"8,225,300,000",,,,"2,231"
SURVEY,2010,10,1,,NATIONAL,US TOTAL,0,EGGS,"EGGS - PRICE RECEIVED, MEASURED IN $ / DOZEN",TOTAL,NOT SPECIFIED,0.814,,,"8,225,300,000",,,,"2,285"
SURVEY,2010,9,1,,NATIONAL,US TOTAL,0,EGGS,"EGGS - PRICE RECEIVED, MEASURED IN $ / DOZEN",TOTAL,NOT SPECIFIED,0.635,,,"8,225,300,000","8,623,600,000","108,356,000",,"2,218"
SURVEY,2009,4,1,,NATIONAL,US TOTAL,0,EGGS,"EGGS - PRICE RECEIVED, MEASURED IN $ / DOZEN",TOTAL,NOT SPECIFIED,0.921,,,"8,225,300,000",,,,"2,196"
SURVEY,2009,8,1,,NATIONAL,US TOTAL,0,EGGS,"EGGS - PRICE RECEIVED, MEASURED IN $ / DOZEN",TOTAL,NOT SPECIFIED,0.76,,,"8,225,300,000",,,,"2,283"
SURVEY,2009,12,1,,NATIONAL,US TOTAL,0,EGGS,"EGGS - PRICE RECEIVED, MEASURED IN $ / DOZEN",TOTAL,NOT SPECIFIED,1.06,,,"8,225,300,000",,,,"2,304"
SURVEY,2009,2,1,,NATIONAL,US TOTAL,0,EGGS,"EGGS - PRICE RECEIVED, MEASURED IN $ / DOZEN",TOTAL,NOT SPECIFIED,0.811,,,"8,225,300,000",,,,"2,024"
SURVEY,2009,1,1,,NATIONAL,US TOTAL,0,EGGS,"EGGS - PRICE RECEIVED, MEASURED IN $ / DOZEN",TOTAL,NOT SPECIFIED,1.03,,,"8,225,300,000",,,,"2,249"
SURVEY,2009,7,1,,NATIONAL,US TOTAL,0,EGGS,"EGGS - PRICE RECEIVED, MEASURED IN $ / DOZEN",TOTAL,NOT SPECIFIED,0.709,,,"8,225,300,000",,,,"2,280"
SURVEY,2009,6,1,,NATIONAL,US TOTAL,0,EGGS,"EGGS - PRICE RECEIVED, MEASURED IN $ / DOZEN",TOTAL,NOT SPECIFIED,0.595,,,"8,225,300,000",,,,"2,203"
SURVEY,2009,3,1,,NATIONAL,US TOTAL,0,EGGS,"EGGS - PRICE RECEIVED, MEASURED IN $ / DOZEN",TOTAL,NOT SPECIFIED,0.813,,,"8,225,300,000",,,,"2,269"
SURVEY,2009,5,1,,NATIONAL,US TOTAL,0,EGGS,"EGGS - PRICE RECEIVED, MEASURED IN $ / DOZEN",TOTAL,NOT SPECIFIED,0.619,,,"8,225,300,000",,,,"2,256"
SURVEY,2009,11,1,,NATIONAL,US TOTAL,0,EGGS,"EGGS - PRICE RECEIVED, MEASURED IN $ / DOZEN",TOTAL,NOT SPECIFIED,1.01,,,"8,225,300,000",,,,"2,238"
SURVEY,2009,10,1,,NATIONAL,US TOTAL,0,EGGS,"EGGS - PRICE RECEIVED, MEASURED IN $ / DOZEN",TOTAL,NOT SPECIFIED,0.801,,,"8,225,300,000",,,,"2,291"
SURVEY,2009,9,1,,NATIONAL,US TOTAL,0,EGGS,"EGGS - PRICE RECEIVED, MEASURED IN $ / DOZEN",TOTAL,NOT SPECIFIED,0.745,,,"8,225,300,000","8,550,200,000","99,596,000",,"2,209"
SURVEY,2008,4,1,,NATIONAL,US TOTAL,0,EGGS,"EGGS - PRICE RECEIVED, MEASURED IN $ / DOZEN",TOTAL,NOT SPECIFIED,1.03,,,"8,225,300,000",,,,"2,163"
SURVEY,2008,8,1,,NATIONAL,US TOTAL,0,EGGS,"EGGS - PRICE RECEIVED, MEASURED IN $ / DOZEN",TOTAL,NOT SPECIFIED,0.964,,,"8,225,300,000",,,,"2,252"
SURVEY,2008,12,1,,NATIONAL,US TOTAL,0,EGGS,"EGGS - PRICE RECEIVED, MEASURED IN $ / DOZEN",TOTAL,NOT SPECIFIED,0.996,,,"8,225,300,000",,,,"2,283"
SURVEY,2008,2,1,,NATIONAL,US TOTAL,0,EGGS,"EGGS - PRICE RECEIVED, MEASURED IN $ / DOZEN",TOTAL,NOT SPECIFIED,1.31,,,"8,225,300,000",,,,"2,072"
SURVEY,2008,1,1,,NATIONAL,US TOTAL,0,EGGS,"EGGS - PRICE RECEIVED, MEASURED IN $ / DOZEN",TOTAL,NOT SPECIFIED,1.3,,,"8,225,300,000",,,,"2,218"
SURVEY,2008,7,1,,NATIONAL,US TOTAL,0,EGGS,"EGGS - PRICE RECEIVED, MEASURED IN $ / DOZEN",TOTAL,NOT SPECIFIED,0.841,,,"8,225,300,000",,,,"2,259"
SURVEY,2008,6,1,,NATIONAL,US TOTAL,0,EGGS,"EGGS - PRICE RECEIVED, MEASURED IN $ / DOZEN",TOTAL,NOT SPECIFIED,1.06,,,"8,225,300,000",,,,"2,175"
SURVEY,2008,3,1,,NATIONAL,US TOTAL,0,EGGS,"EGGS - PRICE RECEIVED, MEASURED IN $ / DOZEN",TOTAL,NOT SPECIFIED,1.37,,,"8,225,300,000",,,,"2,243"
SURVEY,2008,5,1,,NATIONAL,US TOTAL,0,EGGS,"EGGS - PRICE RECEIVED, MEASURED IN $ / DOZEN",TOTAL,NOT SPECIFIED,0.868,,,"8,225,300,000",,,,"2,224"
SURVEY,2008,11,1,,NATIONAL,US TOTAL,0,EGGS,"EGGS - PRICE RECEIVED, MEASURED IN $ / DOZEN",TOTAL,NOT SPECIFIED,1.02,,,"8,225,300,000",,,,"2,215"
SURVEY,2008,10,1,,NATIONAL,US TOTAL,0,EGGS,"EGGS - PRICE RECEIVED, MEASURED IN $ / DOZEN",TOTAL,NOT SPECIFIED,1.02,,,"8,225,300,000",,,,"2,277"
SURVEY,2008,9,1,,NATIONAL,US TOTAL,0,EGGS,"EGGS - PRICE RECEIVED, MEASURED IN $ / DOZEN",TOTAL,NOT SPECIFIED,0.996,,,"8,225,300,000","9,009,300,000","102,071,000",,"2,194"
SURVEY,2007,4,1,,NATIONAL,US TOTAL,0,EGGS,"EGGS - PRICE RECEIVED, MEASURED IN $ / DOZEN",TOTAL,NOT SPECIFIED,0.728,,,"8,225,300,000",,,,"2,256"
SURVEY,2007,8,1,,NATIONAL,US TOTAL,0,EGGS,"EGGS - PRICE RECEIVED, MEASURED IN $ / DOZEN",TOTAL,NOT SPECIFIED,0.867,,,,,,,
SURVEY,2007,12,1,,NATIONAL,US TOTAL,0,EGGS,"EGGS - PRICE RECEIVED, MEASURED IN $ / DOZEN",TOTAL,NOT SPECIFIED,1.35,,,,,,,
SURVEY,2007,2,1,,NATIONAL,US TOTAL,0,EGGS,"EGGS - PRICE RECEIVED, MEASURED IN $ / DOZEN",TOTAL,NOT SPECIFIED,0.784,,,,,,,
SURVEY,2007,1,1,,NATIONAL,US TOTAL,0,EGGS,"EGGS - PRICE RECEIVED, MEASURED IN $ / DOZEN",TOTAL,NOT SPECIFIED,0.918,,,,,,,
SURVEY,2007,7,1,,NATIONAL,US TOTAL,0,EGGS,"EGGS - PRICE RECEIVED, MEASURED IN $ / DOZEN",TOTAL,NOT SPECIFIED,0.945,,,,,,,
SURVEY,2007,6,1,,NATIONAL,US TOTAL,0,EGGS,"EGGS - PRICE RECEIVED, MEASURED IN $ / DOZEN",TOTAL,NOT SPECIFIED,0.679,,,,,,,
SURVEY,2007,3,1,,NATIONAL,US TOTAL,0,EGGS,"EGGS - PRICE RECEIVED, MEASURED IN $ / DOZEN",TOTAL,NOT SPECIFIED,0.83,,,,,,,
SURVEY,2007,5,1,,NATIONAL,US TOTAL,0,EGGS,"EGGS - PRICE RECEIVED, MEASURED IN $ / DOZEN",TOTAL,NOT SPECIFIED,0.78,,,,,,,
SURVEY,2007,11,1,,NATIONAL,US TOTAL,0,EGGS,"EGGS - PRICE RECEIVED, MEASURED IN $ / DOZEN",TOTAL,NOT SPECIFIED,1.26,,,,,,,
SURVEY,2007,10,1,,NATIONAL,US TOTAL,0,EGGS,"EGGS - PRICE RECEIVED, MEASURED IN $ / DOZEN",TOTAL,NOT SPECIFIED,0.936,,,,,,,
SURVEY,2007,9,1,,NATIONAL,US TOTAL,0,EGGS,"EGGS - PRICE RECEIVED, MEASURED IN $ / DOZEN",TOTAL,NOT SPECIFIED,1.07,,,,,,,
SURVEY,2006,4,1,,NATIONAL,US TOTAL,0,EGGS,"EGGS - PRICE RECEIVED, MEASURED IN $ / DOZEN",TOTAL,NOT SPECIFIED,0.514,,,,,,,
SURVEY,2006,8,1,,NATIONAL,US TOTAL,0,EGGS,"EGGS - PRICE RECEIVED, MEASURED IN $ / DOZEN",TOTAL,NOT SPECIFIED,0.577,,,,,,,
SURVEY,2006,12,1,,NATIONAL,US TOTAL,0,EGGS,"EGGS - PRICE RECEIVED, MEASURED IN $ / DOZEN",TOTAL,NOT SPECIFIED,0.816,,,,,,,
SURVEY,2006,2,1,,NATIONAL,US TOTAL,0,EGGS,"EGGS - PRICE RECEIVED, MEASURED IN $ / DOZEN",TOTAL,NOT SPECIFIED,0.495,,,,,,,
SURVEY,2006,1,1,,NATIONAL,US TOTAL,0,EGGS,"EGGS - PRICE RECEIVED, MEASURED IN $ / DOZEN",TOTAL,NOT SPECIFIED,0.613,,,,,,,
SURVEY,2006,7,1,,NATIONAL,US TOTAL,0,EGGS,"EGGS - PRICE RECEIVED, MEASURED IN $ / DOZEN",TOTAL,NOT SPECIFIED,0.456,,,,,,,
SURVEY,2006,6,1,,NATIONAL,US TOTAL,0,EGGS,"EGGS - PRICE RECEIVED, MEASURED IN $ / DOZEN",TOTAL,NOT SPECIFIED,0.562,,,,,,,
SURVEY,2006,3,1,,NATIONAL,US TOTAL,0,EGGS,"EGGS - PRICE RECEIVED, MEASURED IN $ / DOZEN",TOTAL,NOT SPECIFIED,0.663,,,,,,,
SURVEY,2006,5,1,,NATIONAL,US TOTAL,0,EGGS,"EGGS - PRICE RECEIVED, MEASURED IN $ / DOZEN",TOTAL,NOT SPECIFIED,0.446,,,,,,,
SURVEY,2006,11,1,,NATIONAL,US TOTAL,0,EGGS,"EGGS - PRICE RECEIVED, MEASURED IN $ / DOZEN",TOTAL,NOT SPECIFIED,0.814,,,,,,,
SURVEY,2006,10,1,,NATIONAL,US TOTAL,0,EGGS,"EGGS - PRICE RECEIVED, MEASURED IN $ / DOZEN",TOTAL,NOT SPECIFIED,0.569,,,,,,,
SURVEY,2006,9,1,,NATIONAL,US TOTAL,0,EGGS,"EGGS - PRICE RECEIVED, MEASURED IN $ / DOZEN",TOTAL,NOT SPECIFIED,0.56,,,,,,,
SURVEY,2005,4,1,,NATIONAL,US TOTAL,0,EGGS,"EGGS - PRICE RECEIVED, MEASURED IN $ / DOZEN",TOTAL,NOT SPECIFIED,0.475,,,,,,,
SURVEY,2005,8,1,,NATIONAL,US TOTAL,0,EGGS,"EGGS - PRICE RECEIVED, MEASURED IN $ / DOZEN",TOTAL,NOT SPECIFIED,0.472,,,,,,,
SURVEY,2005,12,1,,NATIONAL,US TOTAL,0,EGGS,"EGGS - PRICE RECEIVED, MEASURED IN $ / DOZEN",TOTAL,NOT SPECIFIED,0.716,,,,,,,
SURVEY,2005,2,1,,NATIONAL,US TOTAL,0,EGGS,"EGGS - PRICE RECEIVED, MEASURED IN $ / DOZEN",TOTAL,NOT SPECIFIED,0.553,,,,,,,
SURVEY,2005,1,1,,NATIONAL,US TOTAL,0,EGGS,"EGGS - PRICE RECEIVED, MEASURED IN $ / DOZEN",TOTAL,NOT SPECIFIED,0.562,,,,,,,
SURVEY,2005,7,1,,NATIONAL,US TOTAL,0,EGGS,"EGGS - PRICE RECEIVED, MEASURED IN $ / DOZEN",TOTAL,NOT SPECIFIED,0.528,,,,,,,
SURVEY,2005,6,1,,NATIONAL,US TOTAL,0,EGGS,"EGGS - PRICE RECEIVED, MEASURED IN $ / DOZEN",TOTAL,NOT SPECIFIED,0.453,,,,,,,
SURVEY,2005,3,1,,NATIONAL,US TOTAL,0,EGGS,"EGGS - PRICE RECEIVED, MEASURED IN $ / DOZEN",TOTAL,NOT SPECIFIED,0.528,,,,,,,
SURVEY,2005,5,1,,NATIONAL,US TOTAL,0,EGGS,"EGGS - PRICE RECEIVED, MEASURED IN $ / DOZEN",TOTAL,NOT SPECIFIED,0.457,,,,,,,
SURVEY,2005,11,1,,NATIONAL,US TOTAL,0,EGGS,"EGGS - PRICE RECEIVED, MEASURED IN $ / DOZEN",TOTAL,NOT SPECIFIED,0.651,,,,,,,
SURVEY,2005,10,1,,NATIONAL,US TOTAL,0,EGGS,"EGGS - PRICE RECEIVED, MEASURED IN $ / DOZEN",TOTAL,NOT SPECIFIED,0.512,,,,,,,
SURVEY,2005,9,1,,NATIONAL,US TOTAL,0,EGGS,"EGGS - PRICE RECEIVED, MEASURED IN $ / DOZEN",TOTAL,NOT SPECIFIED,0.637,,,,,,,
SURVEY,2004,4,1,,NATIONAL,US TOTAL,0,EGGS,"EGGS - PRICE RECEIVED, MEASURED IN $ / DOZEN",TOTAL,NOT SPECIFIED,0.766,,,,,,,
SURVEY,2004,8,1,,NATIONAL,US TOTAL,0,EGGS,"EGGS - PRICE RECEIVED, MEASURED IN $ / DOZEN",TOTAL,NOT SPECIFIED,0.526,,,,,,,
SURVEY,2004,12,1,,NATIONAL,US TOTAL,0,EGGS,"EGGS - PRICE RECEIVED, MEASURED IN $ / DOZEN",TOTAL,NOT SPECIFIED,0.653,,,,,,,
SURVEY,2004,2,1,,NATIONAL,US TOTAL,0,EGGS,"EGGS - PRICE RECEIVED, MEASURED IN $ / DOZEN",TOTAL,NOT SPECIFIED,0.877,,,,,,,
SURVEY,2004,1,1,,NATIONAL,US TOTAL,0,EGGS,"EGGS - PRICE RECEIVED, MEASURED IN $ / DOZEN",TOTAL,NOT SPECIFIED,0.928,,,,,,,
SURVEY,2004,7,1,,NATIONAL,US TOTAL,0,EGGS,"EGGS - PRICE RECEIVED, MEASURED IN $ / DOZEN",TOTAL,NOT SPECIFIED,0.582,,,,,,,
SURVEY,2004,6,1,,NATIONAL,US TOTAL,0,EGGS,"EGGS - PRICE RECEIVED, MEASURED IN $ / DOZEN",TOTAL,NOT SPECIFIED,0.665,,,,,,,
SURVEY,2004,3,1,,NATIONAL,US TOTAL,0,EGGS,"EGGS - PRICE RECEIVED, MEASURED IN $ / DOZEN",TOTAL,NOT SPECIFIED,1.09,,,,,,,
SURVEY,2004,5,1,,NATIONAL,US TOTAL,0,EGGS,"EGGS - PRICE RECEIVED, MEASURED IN $ / DOZEN",TOTAL,NOT SPECIFIED,0.644,,,,,,,
SURVEY,2004,11,1,,NATIONAL,US TOTAL,0,EGGS,"EGGS - PRICE RECEIVED, MEASURED IN $ / DOZEN",TOTAL,NOT SPECIFIED,0.604,,,,,,,
SURVEY,2004,10,1,,NATIONAL,US TOTAL,0,EGGS,"EGGS - PRICE RECEIVED, MEASURED IN $ / DOZEN",TOTAL,NOT SPECIFIED,0.494,,,,,,,
SURVEY,2004,9,1,,NATIONAL,US TOTAL,0,EGGS,"EGGS - PRICE RECEIVED, MEASURED IN $ / DOZEN",TOTAL,NOT SPECIFIED,0.538,,,,,,,
SURVEY,2003,4,1,,NATIONAL,US TOTAL,0,EGGS,"EGGS - PRICE RECEIVED, MEASURED IN $ / DOZEN",TOTAL,NOT SPECIFIED,0.686,,,,,,,
SURVEY,2003,8,1,,NATIONAL,US TOTAL,0,EGGS,"EGGS - PRICE RECEIVED, MEASURED IN $ / DOZEN",TOTAL,NOT SPECIFIED,0.808,,,,,,,
SURVEY,2003,12,1,,NATIONAL,US TOTAL,0,EGGS,"EGGS - PRICE RECEIVED, MEASURED IN $ / DOZEN",TOTAL,NOT SPECIFIED,0.864,,,,,,,
SURVEY,2003,2,1,,NATIONAL,US TOTAL,0,EGGS,"EGGS - PRICE RECEIVED, MEASURED IN $ / DOZEN",TOTAL,NOT SPECIFIED,0.637,,,,,,,
SURVEY,2003,1,1,,NATIONAL,US TOTAL,0,EGGS,"EGGS - PRICE RECEIVED, MEASURED IN $ / DOZEN",TOTAL,NOT SPECIFIED,0.691,,,,,,,
SURVEY,2003,7,1,,NATIONAL,US TOTAL,0,EGGS,"EGGS - PRICE RECEIVED, MEASURED IN $ / DOZEN",TOTAL,NOT SPECIFIED,0.687,,,,,,,
SURVEY,2003,6,1,,NATIONAL,US TOTAL,0,EGGS,"EGGS - PRICE RECEIVED, MEASURED IN $ / DOZEN",TOTAL,NOT SPECIFIED,0.672,,,,,,,
SURVEY,2003,3,1,,NATIONAL,US TOTAL,0,EGGS,"EGGS - PRICE RECEIVED, MEASURED IN $ / DOZEN",TOTAL,NOT SPECIFIED,0.685,,,,,,,
SURVEY,2003,5,1,,NATIONAL,US TOTAL,0,EGGS,"EGGS - PRICE RECEIVED, MEASURED IN $ / DOZEN",TOTAL,NOT SPECIFIED,0.587,,,,,,,
SURVEY,2003,11,1,,NATIONAL,US TOTAL,0,EGGS,"EGGS - PRICE RECEIVED, MEASURED IN $ / DOZEN",TOTAL,NOT SPECIFIED,1.02,,,,,,,
SURVEY,2003,10,1,,NATIONAL,US TOTAL,0,EGGS,"EGGS - PRICE RECEIVED, MEASURED IN $ / DOZEN",TOTAL,NOT SPECIFIED,0.838,,,,,,,
SURVEY,2003,9,1,,NATIONAL,US TOTAL,0,EGGS,"EGGS - PRICE RECEIVED, MEASURED IN $ / DOZEN",TOTAL,NOT SPECIFIED,0.776,,,,,,,
SURVEY,2002,4,1,,NATIONAL,US TOTAL,0,EGGS,"EGGS - PRICE RECEIVED, MEASURED IN $ / DOZEN",TOTAL,NOT SPECIFIED,0.521,,,,,,,
SURVEY,2002,8,1,,NATIONAL,US TOTAL,0,EGGS,"EGGS - PRICE RECEIVED, MEASURED IN $ / DOZEN",TOTAL,NOT SPECIFIED,0.61,,,,,,,
SURVEY,2002,12,1,,NATIONAL,US TOTAL,0,EGGS,"EGGS - PRICE RECEIVED, MEASURED IN $ / DOZEN",TOTAL,NOT SPECIFIED,0.676,,,,,,,
SURVEY,2002,2,1,,NATIONAL,US TOTAL,0,EGGS,"EGGS - PRICE RECEIVED, MEASURED IN $ / DOZEN",TOTAL,NOT SPECIFIED,0.554,,,,,,,
SURVEY,2002,1,1,,NATIONAL,US TOTAL,0,EGGS,"EGGS - PRICE RECEIVED, MEASURED IN $ / DOZEN",TOTAL,NOT SPECIFIED,0.744,,,,,,,
SURVEY,2002,7,1,,NATIONAL,US TOTAL,0,EGGS,"EGGS - PRICE RECEIVED, MEASURED IN $ / DOZEN",TOTAL,NOT SPECIFIED,0.564,,,,,,,
SURVEY,2002,6,1,,NATIONAL,US TOTAL,0,EGGS,"EGGS - PRICE RECEIVED, MEASURED IN $ / DOZEN",TOTAL,NOT SPECIFIED,0.62,,,,,,,
SURVEY,2002,3,1,,NATIONAL,US TOTAL,0,EGGS,"EGGS - PRICE RECEIVED, MEASURED IN $ / DOZEN",TOTAL,NOT SPECIFIED,0.676,,,,,,,
SURVEY,2002,5,1,,NATIONAL,US TOTAL,0,EGGS,"EGGS - PRICE RECEIVED, MEASURED IN $ / DOZEN",TOTAL,NOT SPECIFIED,0.505,,,,,,,
SURVEY,2002,11,1,,NATIONAL,US TOTAL,0,EGGS,"EGGS - PRICE RECEIVED, MEASURED IN $ / DOZEN",TOTAL,NOT SPECIFIED,0.706,,,,,,,
SURVEY,2002,10,1,,NATIONAL,US TOTAL,0,EGGS,"EGGS - PRICE RECEIVED, MEASURED IN $ / DOZEN",TOTAL,NOT SPECIFIED,0.532,,,,,,,
SURVEY,2002,9,1,,NATIONAL,US TOTAL,0,EGGS,"EGGS - PRICE RECEIVED, MEASURED IN $ / DOZEN",TOTAL,NOT SPECIFIED,0.57,,,,,,,
SURVEY,2001,4,1,,NATIONAL,US TOTAL,0,EGGS,"EGGS - PRICE RECEIVED, MEASURED IN $ / DOZEN",TOTAL,NOT SPECIFIED,0.649,,,,,,,
SURVEY,2001,8,1,,NATIONAL,US TOTAL,0,EGGS,"EGGS - PRICE RECEIVED, MEASURED IN $ / DOZEN",TOTAL,NOT SPECIFIED,0.565,,,,,,,
SURVEY,2001,12,1,,NATIONAL,US TOTAL,0,EGGS,"EGGS - PRICE RECEIVED, MEASURED IN $ / DOZEN",TOTAL,NOT SPECIFIED,0.677,,,,,,,
SURVEY,2001,2,1,,NATIONAL,US TOTAL,0,EGGS,"EGGS - PRICE RECEIVED, MEASURED IN $ / DOZEN",TOTAL,NOT SPECIFIED,0.665,,,,,,,
SURVEY,2001,1,1,,NATIONAL,US TOTAL,0,EGGS,"EGGS - PRICE RECEIVED, MEASURED IN $ / DOZEN",TOTAL,NOT SPECIFIED,0.668,,,,,,,
SURVEY,2001,7,1,,NATIONAL,US TOTAL,0,EGGS,"EGGS - PRICE RECEIVED, MEASURED IN $ / DOZEN",TOTAL,NOT SPECIFIED,0.539,,,,,,,
SURVEY,2001,6,1,,NATIONAL,US TOTAL,0,EGGS,"EGGS - PRICE RECEIVED, MEASURED IN $ / DOZEN",TOTAL,NOT SPECIFIED,0.549,,,,,,,
SURVEY,2001,3,1,,NATIONAL,US TOTAL,0,EGGS,"EGGS - PRICE RECEIVED, MEASURED IN $ / DOZEN",TOTAL,NOT SPECIFIED,0.676,,,,,,,
SURVEY,2001,5,1,,NATIONAL,US TOTAL,0,EGGS,"EGGS - PRICE RECEIVED, MEASURED IN $ / DOZEN",TOTAL,NOT SPECIFIED,0.552,,,,,,,
SURVEY,2001,11,1,,NATIONAL,US TOTAL,0,EGGS,"EGGS - PRICE RECEIVED, MEASURED IN $ / DOZEN",TOTAL,NOT SPECIFIED,0.641,,,,,,,
SURVEY,2001,10,1,,NATIONAL,US TOTAL,0,EGGS,"EGGS - PRICE RECEIVED, MEASURED IN $ / DOZEN",TOTAL,NOT SPECIFIED,0.597,,,,,,,
SURVEY,2001,9,1,,NATIONAL,US TOTAL,0,EGGS,"EGGS - PRICE RECEIVED, MEASURED IN $ / DOZEN",TOTAL,NOT SPECIFIED,0.554,,,,,,,
SURVEY,2000,4,1,,NATIONAL,US TOTAL,0,EGGS,"EGGS - PRICE RECEIVED, MEASURED IN $ / DOZEN",TOTAL,NOT SPECIFIED,0.647,,,,,,,
SURVEY,2000,8,1,,NATIONAL,US TOTAL,0,EGGS,"EGGS - PRICE RECEIVED, MEASURED IN $ / DOZEN",TOTAL,NOT SPECIFIED,0.663,,,,,,,
SURVEY,2000,12,1,,NATIONAL,US TOTAL,0,EGGS,"EGGS - PRICE RECEIVED, MEASURED IN $ / DOZEN",TOTAL,NOT SPECIFIED,0.806,,,,,,,
SURVEY,2000,2,1,,NATIONAL,US TOTAL,0,EGGS,"EGGS - PRICE RECEIVED, MEASURED IN $ / DOZEN",TOTAL,NOT SPECIFIED,0.679,,,,,,,
SURVEY,2000,1,1,,NATIONAL,US TOTAL,0,EGGS,"EGGS - PRICE RECEIVED, MEASURED IN $ / DOZEN",TOTAL,NOT SPECIFIED,0.577,,,,,,,
SURVEY,2000,7,1,,NATIONAL,US TOTAL,0,EGGS,"EGGS - PRICE RECEIVED, MEASURED IN $ / DOZEN",TOTAL,NOT SPECIFIED,0.564,,,,,,,
SURVEY,2000,6,1,,NATIONAL,US TOTAL,0,EGGS,"EGGS - PRICE RECEIVED, MEASURED IN $ / DOZEN",TOTAL,NOT SPECIFIED,0.617,,,,,,,
SURVEY,2000,3,1,,NATIONAL,US TOTAL,0,EGGS,"EGGS - PRICE RECEIVED, MEASURED IN $ / DOZEN",TOTAL,NOT SPECIFIED,0.568,,,,,,,
SURVEY,2000,5,1,,NATIONAL,US TOTAL,0,EGGS,"EGGS - PRICE RECEIVED, MEASURED IN $ / DOZEN",TOTAL,NOT SPECIFIED,0.519,,,,,,,
SURVEY,2000,11,1,,NATIONAL,US TOTAL,0,EGGS,"EGGS - PRICE RECEIVED, MEASURED IN $ / DOZEN",TOTAL,NOT SPECIFIED,0.719,,,,,,,
SURVEY,2000,10,1,,NATIONAL,US TOTAL,0,EGGS,"EGGS - PRICE RECEIVED, MEASURED IN $ / DOZEN",TOTAL,NOT SPECIFIED,0.667,,,,,,,
SURVEY,2000,9,1,,NATIONAL,US TOTAL,0,EGGS,"EGGS - PRICE RECEIVED, MEASURED IN $ / DOZEN",TOTAL,NOT SPECIFIED,0.591,,,,,,,
SURVEY,1999,4,1,,NATIONAL,US TOTAL,0,EGGS,"EGGS - PRICE RECEIVED, MEASURED IN $ / DOZEN",TOTAL,NOT SPECIFIED,0.602,,,,,,,
SURVEY,1999,8,1,,NATIONAL,US TOTAL,0,EGGS,"EGGS - PRICE RECEIVED, MEASURED IN $ / DOZEN",TOTAL,NOT SPECIFIED,0.596,,,,,,,
SURVEY,1999,12,1,,NATIONAL,US TOTAL,0,EGGS,"EGGS - PRICE RECEIVED, MEASURED IN $ / DOZEN",TOTAL,NOT SPECIFIED,0.603,,,,,,,
SURVEY,1999,2,1,,NATIONAL,US TOTAL,0,EGGS,"EGGS - PRICE RECEIVED, MEASURED IN $ / DOZEN",TOTAL,NOT SPECIFIED,0.66,,,,,,,
SURVEY,1999,1,1,,NATIONAL,US TOTAL,0,EGGS,"EGGS - PRICE RECEIVED, MEASURED IN $ / DOZEN",TOTAL,NOT SPECIFIED,0.724,,,,,,,
SURVEY,1999,7,1,,NATIONAL,US TOTAL,0,EGGS,"EGGS - PRICE RECEIVED, MEASURED IN $ / DOZEN",TOTAL,NOT SPECIFIED,0.587,,,,,,,
SURVEY,1999,6,1,,NATIONAL,US TOTAL,0,EGGS,"EGGS - PRICE RECEIVED, MEASURED IN $ / DOZEN",TOTAL,NOT SPECIFIED,0.562,,,,,,,
SURVEY,1999,3,1,,NATIONAL,US TOTAL,0,EGGS,"EGGS - PRICE RECEIVED, MEASURED IN $ / DOZEN",TOTAL,NOT SPECIFIED,0.685,,,,,,,
SURVEY,1999,5,1,,NATIONAL,US TOTAL,0,EGGS,"EGGS - PRICE RECEIVED, MEASURED IN $ / DOZEN",TOTAL,NOT SPECIFIED,0.548,,,,,,,
SURVEY,1999,11,1,,NATIONAL,US TOTAL,0,EGGS,"EGGS - PRICE RECEIVED, MEASURED IN $ / DOZEN",TOTAL,NOT SPECIFIED,0.64,,,,,,,
SURVEY,1999,10,1,,NATIONAL,US TOTAL,0,EGGS,"EGGS - PRICE RECEIVED, MEASURED IN $ / DOZEN",TOTAL,NOT SPECIFIED,0.519,,,,,,,
SURVEY,1999,9,1,,NATIONAL,US TOTAL,0,EGGS,"EGGS - PRICE RECEIVED, MEASURED IN $ / DOZEN",TOTAL,NOT SPECIFIED,0.574,,,,,,,
SURVEY,1998,12,1,,NATIONAL,US TOTAL,0,EGGS,"EGGS - PRICE RECEIVED, MEASURED IN $ / DOZEN",TOTAL,NOT SPECIFIED,0.754,,,,,,,